-- phpMyAdmin SQL Dump
-- version 4.6.5.2
-- https://www.phpmyadmin.net/
--
-- Host: localhost:8889
-- Generation Time: Jul 10, 2017 at 12:56 PM
-- Server version: 5.6.35
-- PHP Version: 7.1.1

SET SQL_MODE = "NO_AUTO_VALUE_ON_ZERO";
SET time_zone = "+00:00";

--
-- Database: `cms`
--

-- --------------------------------------------------------

--
-- Table structure for table `categories`
--

CREATE TABLE `categories` (
  `cat_id` int(5) NOT NULL,
  `cat_title` varchar(255) COLLATE utf8_bin NOT NULL
) ENGINE=InnoDB DEFAULT CHARSET=utf8 COLLATE=utf8_bin;

--
-- Dumping data for table `categories`
--

INSERT INTO `categories` (`cat_id`, `cat_title`) VALUES
(2, 'City'),
(3, 'Nature'),
(4, 'Space');

-- --------------------------------------------------------

--
-- Table structure for table `comments`
--

CREATE TABLE `comments` (
  `comment_post_id` int(5) NOT NULL,
  `comment_author` varchar(255) COLLATE utf8_bin NOT NULL,
  `comment_content` text COLLATE utf8_bin NOT NULL,
  `comment_status` varchar(255) COLLATE utf8_bin NOT NULL,
  `comment_date` date NOT NULL,
  `comment_id` int(5) NOT NULL,
  `comment_email` varchar(255) COLLATE utf8_bin NOT NULL
) ENGINE=InnoDB DEFAULT CHARSET=utf8 COLLATE=utf8_bin;

--
-- Dumping data for table `comments`
--

INSERT INTO `comments` (`comment_post_id`, `comment_author`, `comment_content`, `comment_status`, `comment_date`, `comment_id`, `comment_email`) VALUES
(33, 'Admin', 'Dui id ornare arcu odio ut sem. Senectus et netus et malesuada fames ac turpis egestas integer. Posuere urna nec tincidunt praesent semper feugiat nibh. Quam nulla porttitor massa id neque. Orci eu lobortis elementum nibh tellus molestie.', 'approved', '2017-07-09', 1, 'admin@example.com');

-- --------------------------------------------------------

--
-- Table structure for table `posts`
--

CREATE TABLE `posts` (
  `post_id` int(5) NOT NULL,
  `post_title` varchar(255) COLLATE utf8_bin NOT NULL,
  `post_user` varchar(255) COLLATE utf8_bin NOT NULL,
  `post_status` varchar(255) COLLATE utf8_bin NOT NULL,
  `post_date` date NOT NULL,
  `post_image` text COLLATE utf8_bin NOT NULL,
  `post_content` text COLLATE utf8_bin NOT NULL,
  `post_tags` varchar(255) COLLATE utf8_bin NOT NULL,
  `post_view_count` int(7) NOT NULL,
  `post_category_id` int(5) NOT NULL,
  `post_comment_count` int(5) NOT NULL
) ENGINE=InnoDB DEFAULT CHARSET=utf8 COLLATE=utf8_bin;

--
-- Dumping data for table `posts`
--

INSERT INTO `posts` (`post_id`, `post_title`, `post_user`, `post_status`, `post_date`, `post_image`, `post_content`, `post_tags`, `post_view_count`, `post_category_id`, `post_comment_count`) VALUES
(4, 'Nature 1', 'NatureImages', 'published', '2017-07-08', 'nature01.jpg', '<p style=\"box-sizing: border-box; margin-top: 1.5em; margin-bottom: 1.5em; color: #687789; font-size: 1.1875em; font-family: \'Mercury SSm A\', \'Mercury SSm B\', Georgia, Times, \'Times New Roman\', \'Microsoft YaHei New\', \'Microsoft Yahei\', 微软雅黑, 宋体, SimSun, STXihei, 华文细黑, serif; line-height: 1.5; animation: fadeInLorem 1000ms linear;\">Lorem ipsum dolor sit amet, consectetur adipiscing elit, sed do eiusmod tempor incididunt ut labore et dolore magna aliqua. Ornare suspendisse sed nisi lacus sed viverra tellus in. Neque laoreet suspendisse interdum consectetur libero id faucibus nisl. Lectus nulla at volutpat diam ut venenatis tellus in. Ridiculus mus mauris vitae ultricies. Et sollicitudin ac orci phasellus. Tellus in metus vulputate eu scelerisque felis imperdiet proin fermentum. Luctus accumsan tortor posuere ac ut consequat. Sem fringilla ut morbi tincidunt augue interdum velit euismod in. In dictum non consectetur a erat nam. Sit amet facilisis magna etiam tempor orci eu lobortis elementum. Fusce id velit ut tortor pretium viverra. Imperdiet proin fermentum leo vel orci porta non pulvinar. Imperdiet massa tincidunt nunc pulvinar sapien et ligula. Turpis egestas pretium aenean pharetra magna ac placerat. Orci a scelerisque purus semper eget duis.</p>\r\n<p style=\"box-sizing: border-box; margin-top: 1.5em; margin-bottom: 1.5em; color: #687789; font-size: 1.1875em; font-family: \'Mercury SSm A\', \'Mercury SSm B\', Georgia, Times, \'Times New Roman\', \'Microsoft YaHei New\', \'Microsoft Yahei\', 微软雅黑, 宋体, SimSun, STXihei, 华文细黑, serif; line-height: 1.5; animation: fadeInLorem 1000ms linear;\">Dui id ornare arcu odio ut sem. Senectus et netus et malesuada fames ac turpis egestas integer. Posuere urna nec tincidunt praesent semper feugiat nibh. Quam nulla porttitor massa id neque. Orci eu lobortis elementum nibh tellus molestie. Duis ut diam quam nulla porttitor massa id. Ante metus dictum at tempor commodo ullamcorper a lacus. At urna condimentum mattis pellentesque id nibh tortor id aliquet. Maecenas volutpat blandit aliquam etiam erat velit scelerisque in dictum. Congue eu consequat ac felis donec et odio pellentesque diam. Ornare aenean euismod elementum nisi quis eleifend quam. Sagittis aliquam malesuada bibendum arcu vitae. Mi quis hendrerit dolor magna eget est. Vehicula ipsum a arcu cursus vitae congue mauris rhoncus.&nbsp;</p>', 'nature people', 5, 3, 0),
(16, 'Space 1', 'SpaceImages', 'published', '2017-07-08', 'space01.jpg', '<p style=\"box-sizing: border-box; margin-top: 1.5em; margin-bottom: 1.5em; color: #687789; font-size: 1.1875em; font-family: \'Mercury SSm A\', \'Mercury SSm B\', Georgia, Times, \'Times New Roman\', \'Microsoft YaHei New\', \'Microsoft Yahei\', 微软雅黑, 宋体, SimSun, STXihei, 华文细黑, serif; line-height: 1.5; animation: fadeInLorem 1000ms linear;\">Lorem ipsum dolor sit amet, consectetur adipiscing elit, sed do eiusmod tempor incididunt ut labore et dolore magna aliqua. Ornare suspendisse sed nisi lacus sed viverra tellus in. Neque laoreet suspendisse interdum consectetur libero id faucibus nisl. Lectus nulla at volutpat diam ut venenatis tellus in. Ridiculus mus mauris vitae ultricies. Et sollicitudin ac orci phasellus. Tellus in metus vulputate eu scelerisque felis imperdiet proin fermentum. Luctus accumsan tortor posuere ac ut consequat. Sem fringilla ut morbi tincidunt augue interdum velit euismod in. In dictum non consectetur a erat nam. Sit amet facilisis magna etiam tempor orci eu lobortis elementum. Fusce id velit ut tortor pretium viverra. Imperdiet proin fermentum leo vel orci porta non pulvinar. Imperdiet massa tincidunt nunc pulvinar sapien et ligula. Turpis egestas pretium aenean pharetra magna ac placerat. Orci a scelerisque purus semper eget duis.</p>\r\n<p style=\"box-sizing: border-box; margin-top: 1.5em; margin-bottom: 1.5em; color: #687789; font-size: 1.1875em; font-family: \'Mercury SSm A\', \'Mercury SSm B\', Georgia, Times, \'Times New Roman\', \'Microsoft YaHei New\', \'Microsoft Yahei\', 微软雅黑, 宋体, SimSun, STXihei, 华文细黑, serif; line-height: 1.5; animation: fadeInLorem 1000ms linear;\">Dui id ornare arcu odio ut sem. Senectus et netus et malesuada fames ac turpis egestas integer. Posuere urna nec tincidunt praesent semper feugiat nibh. Quam nulla porttitor massa id neque. Orci eu lobortis elementum nibh tellus molestie. Duis ut diam quam nulla porttitor massa id. Ante metus dictum at tempor commodo ullamcorper a lacus. At urna condimentum mattis pellentesque id nibh tortor id aliquet. Maecenas volutpat blandit aliquam etiam erat velit scelerisque in dictum. Congue eu consequat ac felis donec et odio pellentesque diam. Ornare aenean euismod elementum nisi quis eleifend quam. Sagittis aliquam malesuada bibendum arcu vitae. Mi quis hendrerit dolor magna eget est. Vehicula ipsum a arcu cursus vitae congue mauris rhoncus.</p>', 'people stars space cosmos people', 3, 4, 0),
(17, 'City 1', 'CityImages', 'published', '2017-07-08', 'city01.jpg', '<p style=\"box-sizing: border-box; margin-top: 1.5em; margin-bottom: 1.5em; color: #687789; font-size: 1.1875em; font-family: \'Mercury SSm A\', \'Mercury SSm B\', Georgia, Times, \'Times New Roman\', \'Microsoft YaHei New\', \'Microsoft Yahei\', 微软雅黑, 宋体, SimSun, STXihei, 华文细黑, serif; line-height: 1.5; animation: fadeInLorem 1000ms linear;\">Lorem ipsum dolor sit amet, consectetur adipiscing elit, sed do eiusmod tempor incididunt ut labore et dolore magna aliqua. Ornare suspendisse sed nisi lacus sed viverra tellus in. Neque laoreet suspendisse interdum consectetur libero id faucibus nisl. Lectus nulla at volutpat diam ut venenatis tellus in. Ridiculus mus mauris vitae ultricies. Et sollicitudin ac orci phasellus. Tellus in metus vulputate eu scelerisque felis imperdiet proin fermentum. Luctus accumsan tortor posuere ac ut consequat. Sem fringilla ut morbi tincidunt augue interdum velit euismod in. In dictum non consectetur a erat nam. Sit amet facilisis magna etiam tempor orci eu lobortis elementum. Fusce id velit ut tortor pretium viverra. Imperdiet proin fermentum leo vel orci porta non pulvinar. Imperdiet massa tincidunt nunc pulvinar sapien et ligula. Turpis egestas pretium aenean pharetra magna ac placerat. Orci a scelerisque purus semper eget duis.</p>\r\n<p style=\"box-sizing: border-box; margin-top: 1.5em; margin-bottom: 1.5em; color: #687789; font-size: 1.1875em; font-family: \'Mercury SSm A\', \'Mercury SSm B\', Georgia, Times, \'Times New Roman\', \'Microsoft YaHei New\', \'Microsoft Yahei\', 微软雅黑, 宋体, SimSun, STXihei, 华文细黑, serif; line-height: 1.5; animation: fadeInLorem 1000ms linear;\">Dui id ornare arcu odio ut sem. Senectus et netus et malesuada fames ac turpis egestas integer. Posuere urna nec tincidunt praesent semper feugiat nibh. Quam nulla porttitor massa id neque. Orci eu lobortis elementum nibh tellus molestie. Duis ut diam quam nulla porttitor massa id. Ante metus dictum at tempor commodo ullamcorper a lacus. At urna condimentum mattis pellentesque id nibh tortor id aliquet. Maecenas volutpat blandit aliquam etiam erat velit scelerisque in dictum. Congue eu consequat ac felis donec et odio pellentesque diam. Ornare aenean euismod elementum nisi quis eleifend quam. Sagittis aliquam malesuada bibendum arcu vitae. Mi quis hendrerit dolor magna eget est. Vehicula ipsum a arcu cursus vitae congue mauris rhoncus.</p>', 'city traffic lights london night', 0, 2, 0),
(18, 'City 2', 'CityImages', 'published', '2017-07-08', 'city02.jpg', '<p style=\"box-sizing: border-box; margin-top: 1.5em; margin-bottom: 1.5em; color: #687789; font-size: 1.1875em; font-family: \'Mercury SSm A\', \'Mercury SSm B\', Georgia, Times, \'Times New Roman\', \'Microsoft YaHei New\', \'Microsoft Yahei\', 微软雅黑, 宋体, SimSun, STXihei, 华文细黑, serif; line-height: 1.5; animation: fadeInLorem 1000ms linear;\">Lorem ipsum dolor sit amet, consectetur adipiscing elit, sed do eiusmod tempor incididunt ut labore et dolore magna aliqua. Ornare suspendisse sed nisi lacus sed viverra tellus in. Neque laoreet suspendisse interdum consectetur libero id faucibus nisl. Lectus nulla at volutpat diam ut venenatis tellus in. Ridiculus mus mauris vitae ultricies. Et sollicitudin ac orci phasellus. Tellus in metus vulputate eu scelerisque felis imperdiet proin fermentum. Luctus accumsan tortor posuere ac ut consequat. Sem fringilla ut morbi tincidunt augue interdum velit euismod in. In dictum non consectetur a erat nam. Sit amet facilisis magna etiam tempor orci eu lobortis elementum. Fusce id velit ut tortor pretium viverra. Imperdiet proin fermentum leo vel orci porta non pulvinar. Imperdiet massa tincidunt nunc pulvinar sapien et ligula. Turpis egestas pretium aenean pharetra magna ac placerat. Orci a scelerisque purus semper eget duis.</p>\r\n<p style=\"box-sizing: border-box; margin-top: 1.5em; margin-bottom: 1.5em; color: #687789; font-size: 1.1875em; font-family: \'Mercury SSm A\', \'Mercury SSm B\', Georgia, Times, \'Times New Roman\', \'Microsoft YaHei New\', \'Microsoft Yahei\', 微软雅黑, 宋体, SimSun, STXihei, 华文细黑, serif; line-height: 1.5; animation: fadeInLorem 1000ms linear;\">Dui id ornare arcu odio ut sem. Senectus et netus et malesuada fames ac turpis egestas integer. Posuere urna nec tincidunt praesent semper feugiat nibh. Quam nulla porttitor massa id neque. Orci eu lobortis elementum nibh tellus molestie. Duis ut diam quam nulla porttitor massa id. Ante metus dictum at tempor commodo ullamcorper a lacus. At urna condimentum mattis pellentesque id nibh tortor id aliquet. Maecenas volutpat blandit aliquam etiam erat velit scelerisque in dictum. Congue eu consequat ac felis donec et odio pellentesque diam. Ornare aenean euismod elementum nisi quis eleifend quam. Sagittis aliquam malesuada bibendum arcu vitae. Mi quis hendrerit dolor magna eget est. Vehicula ipsum a arcu cursus vitae congue mauris rhoncus.</p>', 'city architecture building', 0, 2, 0),
(19, 'Space 2', 'SpaceImages', 'published', '2017-07-08', 'space02.jpg', '<p style=\"box-sizing: border-box; margin-top: 1.5em; margin-bottom: 1.5em; color: #687789; font-size: 1.1875em; font-family: \'Mercury SSm A\', \'Mercury SSm B\', Georgia, Times, \'Times New Roman\', \'Microsoft YaHei New\', \'Microsoft Yahei\', 微软雅黑, 宋体, SimSun, STXihei, 华文细黑, serif; line-height: 1.5; animation: fadeInLorem 1000ms linear;\">Lorem ipsum dolor sit amet, consectetur adipiscing elit, sed do eiusmod tempor incididunt ut labore et dolore magna aliqua. Ornare suspendisse sed nisi lacus sed viverra tellus in. Neque laoreet suspendisse interdum consectetur libero id faucibus nisl. Lectus nulla at volutpat diam ut venenatis tellus in. Ridiculus mus mauris vitae ultricies. Et sollicitudin ac orci phasellus. Tellus in metus vulputate eu scelerisque felis imperdiet proin fermentum. Luctus accumsan tortor posuere ac ut consequat. Sem fringilla ut morbi tincidunt augue interdum velit euismod in. In dictum non consectetur a erat nam. Sit amet facilisis magna etiam tempor orci eu lobortis elementum. Fusce id velit ut tortor pretium viverra. Imperdiet proin fermentum leo vel orci porta non pulvinar. Imperdiet massa tincidunt nunc pulvinar sapien et ligula. Turpis egestas pretium aenean pharetra magna ac placerat. Orci a scelerisque purus semper eget duis.</p>\r\n<p style=\"box-sizing: border-box; margin-top: 1.5em; margin-bottom: 1.5em; color: #687789; font-size: 1.1875em; font-family: \'Mercury SSm A\', \'Mercury SSm B\', Georgia, Times, \'Times New Roman\', \'Microsoft YaHei New\', \'Microsoft Yahei\', 微软雅黑, 宋体, SimSun, STXihei, 华文细黑, serif; line-height: 1.5; animation: fadeInLorem 1000ms linear;\">Dui id ornare arcu odio ut sem. Senectus et netus et malesuada fames ac turpis egestas integer. Posuere urna nec tincidunt praesent semper feugiat nibh. Quam nulla porttitor massa id neque. Orci eu lobortis elementum nibh tellus molestie. Duis ut diam quam nulla porttitor massa id. Ante metus dictum at tempor commodo ullamcorper a lacus. At urna condimentum mattis pellentesque id nibh tortor id aliquet. Maecenas volutpat blandit aliquam etiam erat velit scelerisque in dictum. Congue eu consequat ac felis donec et odio pellentesque diam. Ornare aenean euismod elementum nisi quis eleifend quam. Sagittis aliquam malesuada bibendum arcu vitae. Mi quis hendrerit dolor magna eget est. Vehicula ipsum a arcu cursus vitae congue mauris rhoncus.</p>', 'space cosmos nasa earth stars', 1, 4, 0),
(20, 'Nature 2', 'NatureImages', 'published', '2017-07-08', 'nature02.jpg', '<p style=\"box-sizing: border-box; margin-top: 1.5em; margin-bottom: 1.5em; color: #687789; font-size: 1.1875em; font-family: \'Mercury SSm A\', \'Mercury SSm B\', Georgia, Times, \'Times New Roman\', \'Microsoft YaHei New\', \'Microsoft Yahei\', 微软雅黑, 宋体, SimSun, STXihei, 华文细黑, serif; line-height: 1.5; animation: fadeInLorem 1000ms linear;\">Lorem ipsum dolor sit amet, consectetur adipiscing elit, sed do eiusmod tempor incididunt ut labore et dolore magna aliqua. Ornare suspendisse sed nisi lacus sed viverra tellus in. Neque laoreet suspendisse interdum consectetur libero id faucibus nisl. Lectus nulla at volutpat diam ut venenatis tellus in. Ridiculus mus mauris vitae ultricies. Et sollicitudin ac orci phasellus. Tellus in metus vulputate eu scelerisque felis imperdiet proin fermentum. Luctus accumsan tortor posuere ac ut consequat. Sem fringilla ut morbi tincidunt augue interdum velit euismod in. In dictum non consectetur a erat nam. Sit amet facilisis magna etiam tempor orci eu lobortis elementum. Fusce id velit ut tortor pretium viverra. Imperdiet proin fermentum leo vel orci porta non pulvinar. Imperdiet massa tincidunt nunc pulvinar sapien et ligula. Turpis egestas pretium aenean pharetra magna ac placerat. Orci a scelerisque purus semper eget duis.</p>\r\n<p style=\"box-sizing: border-box; margin-top: 1.5em; margin-bottom: 1.5em; color: #687789; font-size: 1.1875em; font-family: \'Mercury SSm A\', \'Mercury SSm B\', Georgia, Times, \'Times New Roman\', \'Microsoft YaHei New\', \'Microsoft Yahei\', 微软雅黑, 宋体, SimSun, STXihei, 华文细黑, serif; line-height: 1.5; animation: fadeInLorem 1000ms linear;\">Dui id ornare arcu odio ut sem. Senectus et netus et malesuada fames ac turpis egestas integer. Posuere urna nec tincidunt praesent semper feugiat nibh. Quam nulla porttitor massa id neque. Orci eu lobortis elementum nibh tellus molestie. Duis ut diam quam nulla porttitor massa id. Ante metus dictum at tempor commodo ullamcorper a lacus. At urna condimentum mattis pellentesque id nibh tortor id aliquet. Maecenas volutpat blandit aliquam etiam erat velit scelerisque in dictum. Congue eu consequat ac felis donec et odio pellentesque diam. Ornare aenean euismod elementum nisi quis eleifend quam. Sagittis aliquam malesuada bibendum arcu vitae. Mi quis hendrerit dolor magna eget est. Vehicula ipsum a arcu cursus vitae congue mauris rhoncus.</p>', 'nature lake', 0, 3, 0),
(21, 'Nature 3', 'NatureImages', 'published', '2017-07-08', 'nature03.jpg', '<p style=\"box-sizing: border-box; margin-top: 1.5em; margin-bottom: 1.5em; color: #687789; font-size: 1.1875em; font-family: \'Mercury SSm A\', \'Mercury SSm B\', Georgia, Times, \'Times New Roman\', \'Microsoft YaHei New\', \'Microsoft Yahei\', 微软雅黑, 宋体, SimSun, STXihei, 华文细黑, serif; line-height: 1.5; animation: fadeInLorem 1000ms linear;\">Lorem ipsum dolor sit amet, consectetur adipiscing elit, sed do eiusmod tempor incididunt ut labore et dolore magna aliqua. Ornare suspendisse sed nisi lacus sed viverra tellus in. Neque laoreet suspendisse interdum consectetur libero id faucibus nisl. Lectus nulla at volutpat diam ut venenatis tellus in. Ridiculus mus mauris vitae ultricies. Et sollicitudin ac orci phasellus. Tellus in metus vulputate eu scelerisque felis imperdiet proin fermentum. Luctus accumsan tortor posuere ac ut consequat. Sem fringilla ut morbi tincidunt augue interdum velit euismod in. In dictum non consectetur a erat nam. Sit amet facilisis magna etiam tempor orci eu lobortis elementum. Fusce id velit ut tortor pretium viverra. Imperdiet proin fermentum leo vel orci porta non pulvinar. Imperdiet massa tincidunt nunc pulvinar sapien et ligula. Turpis egestas pretium aenean pharetra magna ac placerat. Orci a scelerisque purus semper eget duis.</p>\r\n<p style=\"box-sizing: border-box; margin-top: 1.5em; margin-bottom: 1.5em; color: #687789; font-size: 1.1875em; font-family: \'Mercury SSm A\', \'Mercury SSm B\', Georgia, Times, \'Times New Roman\', \'Microsoft YaHei New\', \'Microsoft Yahei\', 微软雅黑, 宋体, SimSun, STXihei, 华文细黑, serif; line-height: 1.5; animation: fadeInLorem 1000ms linear;\">Dui id ornare arcu odio ut sem. Senectus et netus et malesuada fames ac turpis egestas integer. Posuere urna nec tincidunt praesent semper feugiat nibh. Quam nulla porttitor massa id neque. Orci eu lobortis elementum nibh tellus molestie. Duis ut diam quam nulla porttitor massa id. Ante metus dictum at tempor commodo ullamcorper a lacus. At urna condimentum mattis pellentesque id nibh tortor id aliquet. Maecenas volutpat blandit aliquam etiam erat velit scelerisque in dictum. Congue eu consequat ac felis donec et odio pellentesque diam. Ornare aenean euismod elementum nisi quis eleifend quam. Sagittis aliquam malesuada bibendum arcu vitae. Mi quis hendrerit dolor magna eget est. Vehicula ipsum a arcu cursus vitae congue mauris rhoncus.</p>', 'nature lake people', 0, 3, 0),
(22, 'Space 3', 'SpaceImages', 'published', '2017-07-08', 'space03.jpg', '<p style=\"box-sizing: border-box; margin-top: 1.5em; margin-bottom: 1.5em; color: #687789; font-size: 1.1875em; font-family: \'Mercury SSm A\', \'Mercury SSm B\', Georgia, Times, \'Times New Roman\', \'Microsoft YaHei New\', \'Microsoft Yahei\', 微软雅黑, 宋体, SimSun, STXihei, 华文细黑, serif; line-height: 1.5; animation: fadeInLorem 1000ms linear;\">Lorem ipsum dolor sit amet, consectetur adipiscing elit, sed do eiusmod tempor incididunt ut labore et dolore magna aliqua. Ornare suspendisse sed nisi lacus sed viverra tellus in. Neque laoreet suspendisse interdum consectetur libero id faucibus nisl. Lectus nulla at volutpat diam ut venenatis tellus in. Ridiculus mus mauris vitae ultricies. Et sollicitudin ac orci phasellus. Tellus in metus vulputate eu scelerisque felis imperdiet proin fermentum. Luctus accumsan tortor posuere ac ut consequat. Sem fringilla ut morbi tincidunt augue interdum velit euismod in. In dictum non consectetur a erat nam. Sit amet facilisis magna etiam tempor orci eu lobortis elementum. Fusce id velit ut tortor pretium viverra. Imperdiet proin fermentum leo vel orci porta non pulvinar. Imperdiet massa tincidunt nunc pulvinar sapien et ligula. Turpis egestas pretium aenean pharetra magna ac placerat. Orci a scelerisque purus semper eget duis.</p>\r\n<p style=\"box-sizing: border-box; margin-top: 1.5em; margin-bottom: 1.5em; color: #687789; font-size: 1.1875em; font-family: \'Mercury SSm A\', \'Mercury SSm B\', Georgia, Times, \'Times New Roman\', \'Microsoft YaHei New\', \'Microsoft Yahei\', 微软雅黑, 宋体, SimSun, STXihei, 华文细黑, serif; line-height: 1.5; animation: fadeInLorem 1000ms linear;\">Dui id ornare arcu odio ut sem. Senectus et netus et malesuada fames ac turpis egestas integer. Posuere urna nec tincidunt praesent semper feugiat nibh. Quam nulla porttitor massa id neque. Orci eu lobortis elementum nibh tellus molestie. Duis ut diam quam nulla porttitor massa id. Ante metus dictum at tempor commodo ullamcorper a lacus. At urna condimentum mattis pellentesque id nibh tortor id aliquet. Maecenas volutpat blandit aliquam etiam erat velit scelerisque in dictum. Congue eu consequat ac felis donec et odio pellentesque diam. Ornare aenean euismod elementum nisi quis eleifend quam. Sagittis aliquam malesuada bibendum arcu vitae. Mi quis hendrerit dolor magna eget est. Vehicula ipsum a arcu cursus vitae congue mauris rhoncus.</p>', 'space cosmos spacex earth', 0, 4, 0),
(23, 'City 3', 'CityImages', 'published', '2017-07-08', 'city03.jpg', '<p style=\"box-sizing: border-box; margin-top: 1.5em; margin-bottom: 1.5em; color: #687789; font-size: 1.1875em; font-family: \'Mercury SSm A\', \'Mercury SSm B\', Georgia, Times, \'Times New Roman\', \'Microsoft YaHei New\', \'Microsoft Yahei\', 微软雅黑, 宋体, SimSun, STXihei, 华文细黑, serif; line-height: 1.5; animation: fadeInLorem 1000ms linear;\">Lorem ipsum dolor sit amet, consectetur adipiscing elit, sed do eiusmod tempor incididunt ut labore et dolore magna aliqua. Ornare suspendisse sed nisi lacus sed viverra tellus in. Neque laoreet suspendisse interdum consectetur libero id faucibus nisl. Lectus nulla at volutpat diam ut venenatis tellus in. Ridiculus mus mauris vitae ultricies. Et sollicitudin ac orci phasellus. Tellus in metus vulputate eu scelerisque felis imperdiet proin fermentum. Luctus accumsan tortor posuere ac ut consequat. Sem fringilla ut morbi tincidunt augue interdum velit euismod in. In dictum non consectetur a erat nam. Sit amet facilisis magna etiam tempor orci eu lobortis elementum. Fusce id velit ut tortor pretium viverra. Imperdiet proin fermentum leo vel orci porta non pulvinar. Imperdiet massa tincidunt nunc pulvinar sapien et ligula. Turpis egestas pretium aenean pharetra magna ac placerat. Orci a scelerisque purus semper eget duis.</p>\r\n<p style=\"box-sizing: border-box; margin-top: 1.5em; margin-bottom: 1.5em; color: #687789; font-size: 1.1875em; font-family: \'Mercury SSm A\', \'Mercury SSm B\', Georgia, Times, \'Times New Roman\', \'Microsoft YaHei New\', \'Microsoft Yahei\', 微软雅黑, 宋体, SimSun, STXihei, 华文细黑, serif; line-height: 1.5; animation: fadeInLorem 1000ms linear;\">Dui id ornare arcu odio ut sem. Senectus et netus et malesuada fames ac turpis egestas integer. Posuere urna nec tincidunt praesent semper feugiat nibh. Quam nulla porttitor massa id neque. Orci eu lobortis elementum nibh tellus molestie. Duis ut diam quam nulla porttitor massa id. Ante metus dictum at tempor commodo ullamcorper a lacus. At urna condimentum mattis pellentesque id nibh tortor id aliquet. Maecenas volutpat blandit aliquam etiam erat velit scelerisque in dictum. Congue eu consequat ac felis donec et odio pellentesque diam. Ornare aenean euismod elementum nisi quis eleifend quam. Sagittis aliquam malesuada bibendum arcu vitae. Mi quis hendrerit dolor magna eget est. Vehicula ipsum a arcu cursus vitae congue mauris rhoncus.</p>', 'city architecture building', 0, 2, 0),
(24, 'City 4', 'CityImages', 'published', '2017-07-08', 'city04.jpg', '<p style=\"box-sizing: border-box; margin-top: 1.5em; margin-bottom: 1.5em; color: #687789; font-size: 1.1875em; font-family: \'Mercury SSm A\', \'Mercury SSm B\', Georgia, Times, \'Times New Roman\', \'Microsoft YaHei New\', \'Microsoft Yahei\', 微软雅黑, 宋体, SimSun, STXihei, 华文细黑, serif; line-height: 1.5; animation: fadeInLorem 1000ms linear;\">Lorem ipsum dolor sit amet, consectetur adipiscing elit, sed do eiusmod tempor incididunt ut labore et dolore magna aliqua. Ornare suspendisse sed nisi lacus sed viverra tellus in. Neque laoreet suspendisse interdum consectetur libero id faucibus nisl. Lectus nulla at volutpat diam ut venenatis tellus in. Ridiculus mus mauris vitae ultricies. Et sollicitudin ac orci phasellus. Tellus in metus vulputate eu scelerisque felis imperdiet proin fermentum. Luctus accumsan tortor posuere ac ut consequat. Sem fringilla ut morbi tincidunt augue interdum velit euismod in. In dictum non consectetur a erat nam. Sit amet facilisis magna etiam tempor orci eu lobortis elementum. Fusce id velit ut tortor pretium viverra. Imperdiet proin fermentum leo vel orci porta non pulvinar. Imperdiet massa tincidunt nunc pulvinar sapien et ligula. Turpis egestas pretium aenean pharetra magna ac placerat. Orci a scelerisque purus semper eget duis.</p>\r\n<p style=\"box-sizing: border-box; margin-top: 1.5em; margin-bottom: 1.5em; color: #687789; font-size: 1.1875em; font-family: \'Mercury SSm A\', \'Mercury SSm B\', Georgia, Times, \'Times New Roman\', \'Microsoft YaHei New\', \'Microsoft Yahei\', 微软雅黑, 宋体, SimSun, STXihei, 华文细黑, serif; line-height: 1.5; animation: fadeInLorem 1000ms linear;\">Dui id ornare arcu odio ut sem. Senectus et netus et malesuada fames ac turpis egestas integer. Posuere urna nec tincidunt praesent semper feugiat nibh. Quam nulla porttitor massa id neque. Orci eu lobortis elementum nibh tellus molestie. Duis ut diam quam nulla porttitor massa id. Ante metus dictum at tempor commodo ullamcorper a lacus. At urna condimentum mattis pellentesque id nibh tortor id aliquet. Maecenas volutpat blandit aliquam etiam erat velit scelerisque in dictum. Congue eu consequat ac felis donec et odio pellentesque diam. Ornare aenean euismod elementum nisi quis eleifend quam. Sagittis aliquam malesuada bibendum arcu vitae. Mi quis hendrerit dolor magna eget est. Vehicula ipsum a arcu cursus vitae congue mauris rhoncus.</p>', 'city architecture night', 0, 2, 0),
(25, 'Space 4', 'SpaceImages', 'published', '2017-07-08', 'space04.jpg', '<p style=\"box-sizing: border-box; margin-top: 1.5em; margin-bottom: 1.5em; color: #687789; font-size: 1.1875em; font-family: \'Mercury SSm A\', \'Mercury SSm B\', Georgia, Times, \'Times New Roman\', \'Microsoft YaHei New\', \'Microsoft Yahei\', 微软雅黑, 宋体, SimSun, STXihei, 华文细黑, serif; line-height: 1.5; animation: fadeInLorem 1000ms linear;\">Lorem ipsum dolor sit amet, consectetur adipiscing elit, sed do eiusmod tempor incididunt ut labore et dolore magna aliqua. Ornare suspendisse sed nisi lacus sed viverra tellus in. Neque laoreet suspendisse interdum consectetur libero id faucibus nisl. Lectus nulla at volutpat diam ut venenatis tellus in. Ridiculus mus mauris vitae ultricies. Et sollicitudin ac orci phasellus. Tellus in metus vulputate eu scelerisque felis imperdiet proin fermentum. Luctus accumsan tortor posuere ac ut consequat. Sem fringilla ut morbi tincidunt augue interdum velit euismod in. In dictum non consectetur a erat nam. Sit amet facilisis magna etiam tempor orci eu lobortis elementum. Fusce id velit ut tortor pretium viverra. Imperdiet proin fermentum leo vel orci porta non pulvinar. Imperdiet massa tincidunt nunc pulvinar sapien et ligula. Turpis egestas pretium aenean pharetra magna ac placerat. Orci a scelerisque purus semper eget duis.</p>\r\n<p style=\"box-sizing: border-box; margin-top: 1.5em; margin-bottom: 1.5em; color: #687789; font-size: 1.1875em; font-family: \'Mercury SSm A\', \'Mercury SSm B\', Georgia, Times, \'Times New Roman\', \'Microsoft YaHei New\', \'Microsoft Yahei\', 微软雅黑, 宋体, SimSun, STXihei, 华文细黑, serif; line-height: 1.5; animation: fadeInLorem 1000ms linear;\">Dui id ornare arcu odio ut sem. Senectus et netus et malesuada fames ac turpis egestas integer. Posuere urna nec tincidunt praesent semper feugiat nibh. Quam nulla porttitor massa id neque. Orci eu lobortis elementum nibh tellus molestie. Duis ut diam quam nulla porttitor massa id. Ante metus dictum at tempor commodo ullamcorper a lacus. At urna condimentum mattis pellentesque id nibh tortor id aliquet. Maecenas volutpat blandit aliquam etiam erat velit scelerisque in dictum. Congue eu consequat ac felis donec et odio pellentesque diam. Ornare aenean euismod elementum nisi quis eleifend quam. Sagittis aliquam malesuada bibendum arcu vitae. Mi quis hendrerit dolor magna eget est. Vehicula ipsum a arcu cursus vitae congue mauris rhoncus.</p>', 'stars space cosmos nebula', 0, 4, 0),
(26, 'Nature 4', 'NatureImages', 'published', '2017-07-08', 'nature04.jpg', '<p style=\"box-sizing: border-box; margin-top: 1.5em; margin-bottom: 1.5em; color: #687789; font-size: 1.1875em; font-family: \'Mercury SSm A\', \'Mercury SSm B\', Georgia, Times, \'Times New Roman\', \'Microsoft YaHei New\', \'Microsoft Yahei\', 微软雅黑, 宋体, SimSun, STXihei, 华文细黑, serif; line-height: 1.5; animation: fadeInLorem 1000ms linear;\">Lorem ipsum dolor sit amet, consectetur adipiscing elit, sed do eiusmod tempor incididunt ut labore et dolore magna aliqua. Ornare suspendisse sed nisi lacus sed viverra tellus in. Neque laoreet suspendisse interdum consectetur libero id faucibus nisl. Lectus nulla at volutpat diam ut venenatis tellus in. Ridiculus mus mauris vitae ultricies. Et sollicitudin ac orci phasellus. Tellus in metus vulputate eu scelerisque felis imperdiet proin fermentum. Luctus accumsan tortor posuere ac ut consequat. Sem fringilla ut morbi tincidunt augue interdum velit euismod in. In dictum non consectetur a erat nam. Sit amet facilisis magna etiam tempor orci eu lobortis elementum. Fusce id velit ut tortor pretium viverra. Imperdiet proin fermentum leo vel orci porta non pulvinar. Imperdiet massa tincidunt nunc pulvinar sapien et ligula. Turpis egestas pretium aenean pharetra magna ac placerat. Orci a scelerisque purus semper eget duis.</p>\r\n<p style=\"box-sizing: border-box; margin-top: 1.5em; margin-bottom: 1.5em; color: #687789; font-size: 1.1875em; font-family: \'Mercury SSm A\', \'Mercury SSm B\', Georgia, Times, \'Times New Roman\', \'Microsoft YaHei New\', \'Microsoft Yahei\', 微软雅黑, 宋体, SimSun, STXihei, 华文细黑, serif; line-height: 1.5; animation: fadeInLorem 1000ms linear;\">Dui id ornare arcu odio ut sem. Senectus et netus et malesuada fames ac turpis egestas integer. Posuere urna nec tincidunt praesent semper feugiat nibh. Quam nulla porttitor massa id neque. Orci eu lobortis elementum nibh tellus molestie. Duis ut diam quam nulla porttitor massa id. Ante metus dictum at tempor commodo ullamcorper a lacus. At urna condimentum mattis pellentesque id nibh tortor id aliquet. Maecenas volutpat blandit aliquam etiam erat velit scelerisque in dictum. Congue eu consequat ac felis donec et odio pellentesque diam. Ornare aenean euismod elementum nisi quis eleifend quam. Sagittis aliquam malesuada bibendum arcu vitae. Mi quis hendrerit dolor magna eget est. Vehicula ipsum a arcu cursus vitae congue mauris rhoncus.</p>', 'nature mountains lake sea animals', 0, 3, 0),
(27, 'City 5', 'CityImages', 'published', '2017-07-08', 'city05.jpg', '<p style=\"box-sizing: border-box; margin-top: 1.5em; margin-bottom: 1.5em; color: #687789; font-size: 1.1875em; font-family: \'Mercury SSm A\', \'Mercury SSm B\', Georgia, Times, \'Times New Roman\', \'Microsoft YaHei New\', \'Microsoft Yahei\', 微软雅黑, 宋体, SimSun, STXihei, 华文细黑, serif; line-height: 1.5; animation: fadeInLorem 1000ms linear;\">Lorem ipsum dolor sit amet, consectetur adipiscing elit, sed do eiusmod tempor incididunt ut labore et dolore magna aliqua. Ornare suspendisse sed nisi lacus sed viverra tellus in. Neque laoreet suspendisse interdum consectetur libero id faucibus nisl. Lectus nulla at volutpat diam ut venenatis tellus in. Ridiculus mus mauris vitae ultricies. Et sollicitudin ac orci phasellus. Tellus in metus vulputate eu scelerisque felis imperdiet proin fermentum. Luctus accumsan tortor posuere ac ut consequat. Sem fringilla ut morbi tincidunt augue interdum velit euismod in. In dictum non consectetur a erat nam. Sit amet facilisis magna etiam tempor orci eu lobortis elementum. Fusce id velit ut tortor pretium viverra. Imperdiet proin fermentum leo vel orci porta non pulvinar. Imperdiet massa tincidunt nunc pulvinar sapien et ligula. Turpis egestas pretium aenean pharetra magna ac placerat. Orci a scelerisque purus semper eget duis.</p>\r\n<p style=\"box-sizing: border-box; margin-top: 1.5em; margin-bottom: 1.5em; color: #687789; font-size: 1.1875em; font-family: \'Mercury SSm A\', \'Mercury SSm B\', Georgia, Times, \'Times New Roman\', \'Microsoft YaHei New\', \'Microsoft Yahei\', 微软雅黑, 宋体, SimSun, STXihei, 华文细黑, serif; line-height: 1.5; animation: fadeInLorem 1000ms linear;\">Dui id ornare arcu odio ut sem. Senectus et netus et malesuada fames ac turpis egestas integer. Posuere urna nec tincidunt praesent semper feugiat nibh. Quam nulla porttitor massa id neque. Orci eu lobortis elementum nibh tellus molestie. Duis ut diam quam nulla porttitor massa id. Ante metus dictum at tempor commodo ullamcorper a lacus. At urna condimentum mattis pellentesque id nibh tortor id aliquet. Maecenas volutpat blandit aliquam etiam erat velit scelerisque in dictum. Congue eu consequat ac felis donec et odio pellentesque diam. Ornare aenean euismod elementum nisi quis eleifend quam. Sagittis aliquam malesuada bibendum arcu vitae. Mi quis hendrerit dolor magna eget est. Vehicula ipsum a arcu cursus vitae congue mauris rhoncus.</p>', 'city architecture building', 1, 2, 0),
(29, 'Nature 5', 'NatureImages', 'published', '2017-07-08', 'nature05.jpg', '<p style=\"box-sizing: border-box; margin-top: 1.5em; margin-bottom: 1.5em; color: #687789; font-size: 1.1875em; font-family: \'Mercury SSm A\', \'Mercury SSm B\', Georgia, Times, \'Times New Roman\', \'Microsoft YaHei New\', \'Microsoft Yahei\', 微软雅黑, 宋体, SimSun, STXihei, 华文细黑, serif; line-height: 1.5; animation: fadeInLorem 1000ms linear;\">Lorem ipsum dolor sit amet, consectetur adipiscing elit, sed do eiusmod tempor incididunt ut labore et dolore magna aliqua. Ornare suspendisse sed nisi lacus sed viverra tellus in. Neque laoreet suspendisse interdum consectetur libero id faucibus nisl. Lectus nulla at volutpat diam ut venenatis tellus in. Ridiculus mus mauris vitae ultricies. Et sollicitudin ac orci phasellus. Tellus in metus vulputate eu scelerisque felis imperdiet proin fermentum. Luctus accumsan tortor posuere ac ut consequat. Sem fringilla ut morbi tincidunt augue interdum velit euismod in. In dictum non consectetur a erat nam. Sit amet facilisis magna etiam tempor orci eu lobortis elementum. Fusce id velit ut tortor pretium viverra. Imperdiet proin fermentum leo vel orci porta non pulvinar. Imperdiet massa tincidunt nunc pulvinar sapien et ligula. Turpis egestas pretium aenean pharetra magna ac placerat. Orci a scelerisque purus semper eget duis.</p>\r\n<p style=\"box-sizing: border-box; margin-top: 1.5em; margin-bottom: 1.5em; color: #687789; font-size: 1.1875em; font-family: \'Mercury SSm A\', \'Mercury SSm B\', Georgia, Times, \'Times New Roman\', \'Microsoft YaHei New\', \'Microsoft Yahei\', 微软雅黑, 宋体, SimSun, STXihei, 华文细黑, serif; line-height: 1.5; animation: fadeInLorem 1000ms linear;\">Dui id ornare arcu odio ut sem. Senectus et netus et malesuada fames ac turpis egestas integer. Posuere urna nec tincidunt praesent semper feugiat nibh. Quam nulla porttitor massa id neque. Orci eu lobortis elementum nibh tellus molestie. Duis ut diam quam nulla porttitor massa id. Ante metus dictum at tempor commodo ullamcorper a lacus. At urna condimentum mattis pellentesque id nibh tortor id aliquet. Maecenas volutpat blandit aliquam etiam erat velit scelerisque in dictum. Congue eu consequat ac felis donec et odio pellentesque diam. Ornare aenean euismod elementum nisi quis eleifend quam. Sagittis aliquam malesuada bibendum arcu vitae. Mi quis hendrerit dolor magna eget est. Vehicula ipsum a arcu cursus vitae congue mauris rhoncus.</p>', 'nature mountains snow clouds', 0, 3, 0),
(30, 'City 6', 'CityImages', 'published', '2017-07-08', 'city06.jpg', '<p style=\"box-sizing: border-box; margin-top: 1.5em; margin-bottom: 1.5em; color: #687789; font-size: 1.1875em; font-family: \'Mercury SSm A\', \'Mercury SSm B\', Georgia, Times, \'Times New Roman\', \'Microsoft YaHei New\', \'Microsoft Yahei\', 微软雅黑, 宋体, SimSun, STXihei, 华文细黑, serif; line-height: 1.5; animation: fadeInLorem 1000ms linear;\">Lorem ipsum dolor sit amet, consectetur adipiscing elit, sed do eiusmod tempor incididunt ut labore et dolore magna aliqua. Ornare suspendisse sed nisi lacus sed viverra tellus in. Neque laoreet suspendisse interdum consectetur libero id faucibus nisl. Lectus nulla at volutpat diam ut venenatis tellus in. Ridiculus mus mauris vitae ultricies. Et sollicitudin ac orci phasellus. Tellus in metus vulputate eu scelerisque felis imperdiet proin fermentum. Luctus accumsan tortor posuere ac ut consequat. Sem fringilla ut morbi tincidunt augue interdum velit euismod in. In dictum non consectetur a erat nam. Sit amet facilisis magna etiam tempor orci eu lobortis elementum. Fusce id velit ut tortor pretium viverra. Imperdiet proin fermentum leo vel orci porta non pulvinar. Imperdiet massa tincidunt nunc pulvinar sapien et ligula. Turpis egestas pretium aenean pharetra magna ac placerat. Orci a scelerisque purus semper eget duis.</p>\r\n<p style=\"box-sizing: border-box; margin-top: 1.5em; margin-bottom: 1.5em; color: #687789; font-size: 1.1875em; font-family: \'Mercury SSm A\', \'Mercury SSm B\', Georgia, Times, \'Times New Roman\', \'Microsoft YaHei New\', \'Microsoft Yahei\', 微软雅黑, 宋体, SimSun, STXihei, 华文细黑, serif; line-height: 1.5; animation: fadeInLorem 1000ms linear;\">Dui id ornare arcu odio ut sem. Senectus et netus et malesuada fames ac turpis egestas integer. Posuere urna nec tincidunt praesent semper feugiat nibh. Quam nulla porttitor massa id neque. Orci eu lobortis elementum nibh tellus molestie. Duis ut diam quam nulla porttitor massa id. Ante metus dictum at tempor commodo ullamcorper a lacus. At urna condimentum mattis pellentesque id nibh tortor id aliquet. Maecenas volutpat blandit aliquam etiam erat velit scelerisque in dictum. Congue eu consequat ac felis donec et odio pellentesque diam. Ornare aenean euismod elementum nisi quis eleifend quam. Sagittis aliquam malesuada bibendum arcu vitae. Mi quis hendrerit dolor magna eget est. Vehicula ipsum a arcu cursus vitae congue mauris rhoncus.</p>', 'city architecture building bridge sea golden gate', 0, 2, 0),
(32, 'Nature 6', 'NatureImages', 'published', '2017-07-08', 'nature06.jpg', '<p style=\"box-sizing: border-box; margin-top: 1.5em; margin-bottom: 1.5em; color: #687789; font-size: 1.1875em; font-family: \'Mercury SSm A\', \'Mercury SSm B\', Georgia, Times, \'Times New Roman\', \'Microsoft YaHei New\', \'Microsoft Yahei\', 微软雅黑, 宋体, SimSun, STXihei, 华文细黑, serif; line-height: 1.5; animation: fadeInLorem 1000ms linear;\">Lorem ipsum dolor sit amet, consectetur adipiscing elit, sed do eiusmod tempor incididunt ut labore et dolore magna aliqua. Ornare suspendisse sed nisi lacus sed viverra tellus in. Neque laoreet suspendisse interdum consectetur libero id faucibus nisl. Lectus nulla at volutpat diam ut venenatis tellus in. Ridiculus mus mauris vitae ultricies. Et sollicitudin ac orci phasellus. Tellus in metus vulputate eu scelerisque felis imperdiet proin fermentum. Luctus accumsan tortor posuere ac ut consequat. Sem fringilla ut morbi tincidunt augue interdum velit euismod in. In dictum non consectetur a erat nam. Sit amet facilisis magna etiam tempor orci eu lobortis elementum. Fusce id velit ut tortor pretium viverra. Imperdiet proin fermentum leo vel orci porta non pulvinar. Imperdiet massa tincidunt nunc pulvinar sapien et ligula. Turpis egestas pretium aenean pharetra magna ac placerat. Orci a scelerisque purus semper eget duis.</p>\r\n<p style=\"box-sizing: border-box; margin-top: 1.5em; margin-bottom: 1.5em; color: #687789; font-size: 1.1875em; font-family: \'Mercury SSm A\', \'Mercury SSm B\', Georgia, Times, \'Times New Roman\', \'Microsoft YaHei New\', \'Microsoft Yahei\', 微软雅黑, 宋体, SimSun, STXihei, 华文细黑, serif; line-height: 1.5; animation: fadeInLorem 1000ms linear;\">Dui id ornare arcu odio ut sem. Senectus et netus et malesuada fames ac turpis egestas integer. Posuere urna nec tincidunt praesent semper feugiat nibh. Quam nulla porttitor massa id neque. Orci eu lobortis elementum nibh tellus molestie. Duis ut diam quam nulla porttitor massa id. Ante metus dictum at tempor commodo ullamcorper a lacus. At urna condimentum mattis pellentesque id nibh tortor id aliquet. Maecenas volutpat blandit aliquam etiam erat velit scelerisque in dictum. Congue eu consequat ac felis donec et odio pellentesque diam. Ornare aenean euismod elementum nisi quis eleifend quam. Sagittis aliquam malesuada bibendum arcu vitae. Mi quis hendrerit dolor magna eget est. Vehicula ipsum a arcu cursus vitae congue mauris rhoncus.</p>', 'nature people', 0, 3, 0),
(33, 'Nature 7', 'NatureImages', 'published', '2017-07-08', 'nature07.jpg', '<p style=\"box-sizing: border-box; margin-top: 1.5em; margin-bottom: 1.5em; color: #687789; font-size: 1.1875em; font-family: \'Mercury SSm A\', \'Mercury SSm B\', Georgia, Times, \'Times New Roman\', \'Microsoft YaHei New\', \'Microsoft Yahei\', 微软雅黑, 宋体, SimSun, STXihei, 华文细黑, serif; line-height: 1.5; animation: fadeInLorem 1000ms linear;\">Lorem ipsum dolor sit amet, consectetur adipiscing elit, sed do eiusmod tempor incididunt ut labore et dolore magna aliqua. Ornare suspendisse sed nisi lacus sed viverra tellus in. Neque laoreet suspendisse interdum consectetur libero id faucibus nisl. Lectus nulla at volutpat diam ut venenatis tellus in. Ridiculus mus mauris vitae ultricies. Et sollicitudin ac orci phasellus. Tellus in metus vulputate eu scelerisque felis imperdiet proin fermentum. Luctus accumsan tortor posuere ac ut consequat. Sem fringilla ut morbi tincidunt augue interdum velit euismod in. In dictum non consectetur a erat nam. Sit amet facilisis magna etiam tempor orci eu lobortis elementum. Fusce id velit ut tortor pretium viverra. Imperdiet proin fermentum leo vel orci porta non pulvinar. Imperdiet massa tincidunt nunc pulvinar sapien et ligula. Turpis egestas pretium aenean pharetra magna ac placerat. Orci a scelerisque purus semper eget duis.</p>\r\n<p style=\"box-sizing: border-box; margin-top: 1.5em; margin-bottom: 1.5em; color: #687789; font-size: 1.1875em; font-family: \'Mercury SSm A\', \'Mercury SSm B\', Georgia, Times, \'Times New Roman\', \'Microsoft YaHei New\', \'Microsoft Yahei\', 微软雅黑, 宋体, SimSun, STXihei, 华文细黑, serif; line-height: 1.5; animation: fadeInLorem 1000ms linear;\">Dui id ornare arcu odio ut sem. Senectus et netus et malesuada fames ac turpis egestas integer. Posuere urna nec tincidunt praesent semper feugiat nibh. Quam nulla porttitor massa id neque. Orci eu lobortis elementum nibh tellus molestie. Duis ut diam quam nulla porttitor massa id. Ante metus dictum at tempor commodo ullamcorper a lacus. At urna condimentum mattis pellentesque id nibh tortor id aliquet. Maecenas volutpat blandit aliquam etiam erat velit scelerisque in dictum. Congue eu consequat ac felis donec et odio pellentesque diam. Ornare aenean euismod elementum nisi quis eleifend quam. Sagittis aliquam malesuada bibendum arcu vitae. Mi quis hendrerit dolor magna eget est. Vehicula ipsum a arcu cursus vitae congue mauris rhoncus.</p>', 'nature lake river mountains forest', 11, 3, 0);

-- --------------------------------------------------------

--
-- Table structure for table `users`
--

CREATE TABLE `users` (
  `user_id` int(5) NOT NULL,
  `user_name` varchar(255) COLLATE utf8_bin NOT NULL,
  `user_email` varchar(255) COLLATE utf8_bin NOT NULL,
  `user_password` varchar(255) COLLATE utf8_bin NOT NULL,
  `user_role` varchar(255) COLLATE utf8_bin NOT NULL,
  `user_firstname` varchar(255) COLLATE utf8_bin NOT NULL,
  `user_lastname` varchar(255) COLLATE utf8_bin NOT NULL,
  `user_image` text COLLATE utf8_bin NOT NULL,
  `randSalt` varchar(255) COLLATE utf8_bin NOT NULL
) ENGINE=InnoDB DEFAULT CHARSET=utf8 COLLATE=utf8_bin;

--
-- Dumping data for table `users`
--

INSERT INTO `users` (`user_id`, `user_name`, `user_email`, `user_password`, `user_role`, `user_firstname`, `user_lastname`, `user_image`, `randSalt`) VALUES
(1, 'Admin', 'admin@example.com', '$2y$10$3NcnMQf0T6ilKn6Olcplh.Fs.JrKCTwsUR7eli14IRWJ38wKEyN8.', 'admin', '', '', '', ''),
(5, 'SpaceImages', 'spaceimages@example.com', '$2y$10$vgrIwZI1VktjuFgmyFsZWuh8xogBWBLv9ZsIrcj1jEwfLthA6y2iK', 'admin', '', '', '', ''),
(7, 'CityImages', 'cityimages@example.com', '$2y$10$ueB4CucaajXU0ox2z39No.He2p0atsdImEtR2m1Vz/LQEMDWRm8Pm', 'admin', '', '', '', ''),
(8, 'NatureImages', 'natureimages@example.com', '$2y$10$ZGnCLp6un8rEm8lsClr9f.2Z7EVlUOi3u05zDQ7sJBzhOIkAW3UTq', 'admin', '', '', '', '');

--
-- Indexes for dumped tables
--

--
-- Indexes for table `categories`
--
ALTER TABLE `categories`
  ADD PRIMARY KEY (`cat_id`);

--
-- Indexes for table `comments`
--
ALTER TABLE `comments`
  ADD PRIMARY KEY (`comment_id`),
  ADD KEY `comment_post_id` (`comment_post_id`);

--
-- Indexes for table `posts`
--
ALTER TABLE `posts`
  ADD PRIMARY KEY (`post_id`),
  ADD KEY `posts_ibfk_1` (`post_category_id`);

--
-- Indexes for table `users`
--
ALTER TABLE `users`
  ADD PRIMARY KEY (`user_id`);

--
-- AUTO_INCREMENT for dumped tables
--

--
-- AUTO_INCREMENT for table `categories`
--
ALTER TABLE `categories`
  MODIFY `cat_id` int(5) NOT NULL AUTO_INCREMENT, AUTO_INCREMENT=5;
--
-- AUTO_INCREMENT for table `comments`
--
ALTER TABLE `comments`
  MODIFY `comment_id` int(5) NOT NULL AUTO_INCREMENT, AUTO_INCREMENT=2;
--
-- AUTO_INCREMENT for table `posts`
--
ALTER TABLE `posts`
  MODIFY `post_id` int(5) NOT NULL AUTO_INCREMENT, AUTO_INCREMENT=34;
--
-- AUTO_INCREMENT for table `users`
--
ALTER TABLE `users`
  MODIFY `user_id` int(5) NOT NULL AUTO_INCREMENT, AUTO_INCREMENT=12;
--
-- Constraints for dumped tables
--

--
-- Constraints for table `comments`
--
ALTER TABLE `comments`
  ADD CONSTRAINT `comments_ibfk_1` FOREIGN KEY (`comment_post_id`) REFERENCES `posts` (`post_id`);

--
-- Constraints for table `posts`
--
ALTER TABLE `posts`
  ADD CONSTRAINT `posts_ibfk_1` FOREIGN KEY (`post_category_id`) REFERENCES `categories` (`cat_id`) ON DELETE CASCADE ON UPDATE CASCADE;
